Query_ID	Target_ID	Optimal_offset	p-value	E-value	q-value	Overlap	Query_consensus	Target_consensus	Orientation
1-GAUAACURA	M001_0.6	-1	0.00673148	0.659685	0.544594	7	GAUAACUGA	UUAAUUG	+
2-GUAGKUUGUAYAGU	M013_0.6	-1	0.00315733	0.309418	0.309418	7	GUAGGUUGUAUAGU	UAGGUAG	+
3-WCAGUGCWGY	M256_0.6	-1	9.28515e-05	0.00909945	0.00909945	6	ACAGUGCUGU	CAGUGC	+
5-UACUGYCUK	M228_0.6	-1	0.00252719	0.247664	0.247664	7	UACUGCCUU	ACUUUCU	+
9-GUAAACAUCCU	M081_0.6	-3	0.00288169	0.282406	0.258884	7	GUAAACAUCCU	AACAUCA	+
9-GUAAACAUCCU	M111_0.6	-3	0.00528335	0.517768	0.258884	7	GUAAACAUCCU	AACAUCA	+
11-AGUGAUUUUGU	M158_0.6	-4	0.00411839	0.403602	0.218311	7	AGUGAUUUUGU	AUUUUUU	+
11-AGUGAUUUUGU	M025_0.6	-4	0.00445533	0.436622	0.218311	7	AGUGAUUUUGU	AUUUUUU	+
12-CMUUAUYACUYUUGS	M328_0.6	2	0.0034518	0.338276	0.250751	12	CCUUAUUACUCUUGC	AUCCUUUUUUUUCG	+
12-CMUUAUYACUYUUGS	M051_0.6	-5	0.00511738	0.501503	0.250751	7	CCUUAUUACUCUUGC	AUACAUU	+
15-GGAUGUUUAC	M234_0.6	-1	0.00711006	0.696786	0.696786	7	GGAUGUUUAC	GAUGAUU	+
17-GCUUUCAGY	M188_0.6	-1	0.00511846	0.501609	0.501609	8	GCUUUCAGU	CUUUCCCU	+
18-UUUUUGCGRUCUG	M150_0.6	1	0.000895333	0.0877426	0.0469021	6	UUUUUGCGGUCUG	UUUUUUG	+
18-UUUUUGCGRUCUG	M077_0.6	0	0.00117727	0.115373	0.0469021	7	UUUUUGCGGUCUG	UUUUUUC	+
18-UUUUUGCGRUCUG	M075_0.6	1	0.00143578	0.140706	0.0469021	6	UUUUUGCGGUCUG	UUUUUUG	+
18-UUUUUGCGRUCUG	M025_0.6	1	0.00552896	0.541838	0.125911	6	UUUUUGCGGUCUG	AUUUUUU	+
18-UUUUUGCGRUCUG	M158_0.6	1	0.00642404	0.629556	0.125911	6	UUUUUGCGGUCUG	AUUUUUU	+
19-CACAAGCUYGU	M037_0.6	-4	0.0025413	0.249048	0.249048	7	CACAAGCUUGU	AGCUUGC	+
19-CACAAGCUYGU	M036_0.6	-3	0.0078928	0.773494	0.353985	7	CACAAGCUUGU	AAUCUUG	+
24-CCAGGGAUYHC	M307_0.6	-2	0.00170619	0.167206	0.167206	5	CCAGGGAUUCC	AGGGA	+
26-CAGUGWAGAU	M047_0.6	-2	0.00205855	0.201738	0.201738	7	CAGUGUAGAU	GAGUAGA	+
26-CAGUGWAGAU	M256_0.6	0	0.00537916	0.527157	0.263579	6	CAGUGUAGAU	CAGUGC	+
27-UGGAAGACU	M148_0.6	-1	0.00303	0.29694	0.29694	7	UGGAAGACU	AGAAGAC	+
28-CCCYAAAAA	M236_0.6	-3	0.00442762	0.433907	0.433907	6	CCCCAAAAA	CAAAAAG	+
29-UCAUAAAGC	M236_0.6	-1	0.00420601	0.412189	0.412189	7	UCAUAAAGC	CAAAAAG	+
35-GCUGUGCAAA	M256_0.6	-1	0.00675861	0.662344	0.662344	6	GCUGUGCAAA	CAGUGC	+
38-GGCCUAUUCUYGAU	M227_0.6	-3	0.00450374	0.441367	0.313675	7	GGCCUAUUCUUGAU	CUUUUCU	+
38-GGCCUAUUCUYGAU	M036_0.6	-5	0.00640154	0.627351	0.313675	7	GGCCUAUUCUUGAU	AAUCUUG	+
46-CAUCUUAC	M036_0.6	0	0.00210059	0.205858	0.205858	7	CAUCUUAC	AAUCUUG	+
47-UCCAUGCAAAA	M159_0.6	0	0.00380979	0.37336	0.330565	7	UCCAUGCAAAA	UGCAUGC	+
47-UCCAUGCAAAA	M231_0.6	0	0.00674622	0.66113	0.330565	7	UCCAUGCAAAA	AGCAUGC	+
48-CAAUGAAUGCA	M052_0.6	-1	0.00123157	0.120694	0.120694	7	CAAUGAAUGCA	AAUCAAU	+
48-CAAUGAAUGCA	M074_0.6	-3	0.00605033	0.592932	0.149841	8	CAAUGAAUGCA	UGAAUGAG	+
48-CAAUGAAUGCA	M159_0.6	-3	0.00610021	0.597821	0.149841	7	CAAUGAAUGCA	UGCAUGC	+
48-CAAUGAAUGCA	M354_0.6	-4	0.00611596	0.599364	0.149841	6	CAAUGAAUGCA	GAAUAC	+
48-CAAUGAAUGCA	M231_0.6	-3	0.0100559	0.98548	0.197096	7	CAAUGAAUGCA	AGCAUGC	+
50-GGAAGCCCUUA	M245_0.6	2	0.00689063	0.675281	0.658326	11	GGAAGCCCUUA	CCGAAAUCCCGAAGUAGG	+
52-GGAUAGGCU	M016_0.6	0	0.00741616	0.726783	0.52229	7	GGAUAGGCU	GGACAAG	+
53-AACAUUCAA	M027_0.6	-1	0.00980494	0.960884	0.436098	7	AACAUUCAA	ACACACA	+
55-CAUACUUCCUUAC	M228_0.6	-3	0.00284795	0.279099	0.279099	7	CAUACUUCCUUAC	ACUUUCU	+
55-CAUACUUCCUUAC	M177_0.6	-7	0.00680181	0.666577	0.333289	6	CAUACUUCCUUAC	CCUUUCC	+
56-UUUCCUACUUURU	M051_0.6	-4	0.00711936	0.697697	0.274963	7	UUUCCUACUUUAU	AUACAUU	+
57-UAAGGUGCAKS	M316_0.6	-3	0.0013447	0.131781	0.131781	4	UAAGGUGCAUG	GGUG	+
57-UAAGGUGCAKS	M159_0.6	-5	0.00786524	0.770794	0.385397	6	UAAGGUGCAUG	UGCAUGC	+
58-ACAGAACUUUG	M147_0.6	1	0.00759157	0.743974	0.593849	6	ACAGAACUUUG	GACAGAU	+
60-CGGUGGGUU	M316_0.6	-1	0.00153444	0.150375	0.150375	4	CGGUGGGUU	GGUG	+
60-CGGUGGGUU	M049_0.6	-2	0.00860163	0.842959	0.318928	7	CGGUGGGUU	GUGUGUG	+
60-CGGUGGGUU	M151_0.6	0	0.00976309	0.956783	0.318928	7	CGGUGGGUU	GGGAGGG	+
61-AGGGMCUU	M307_0.6	0	0.00331896	0.325258	0.325258	5	AGGGCCUU	AGGGA	+
62-GGUUUGCAUWU	M069_0.6	-3	0.0075195	0.736911	0.415527	7	GGUUUGCAUAU	UUGCACA	+
63-AUACAACC	M089_0.6	0	0.00930175	0.911572	0.44031	7	AUACAACC	ACACAAA	+
67-UUCAAGUAAUCCA	M161_0.6	-7	0.00492896	0.483038	0.483038	6	UUCAAGUAAUCCA	AAUCCAG	+
68-AUGAGUGUAUUK	M157_0.6	-1	0.00196044	0.192123	0.138936	7	AUGAGUGUAUUG	UGUGUGU	+
68-AUGAGUGUAUUK	M004_0.6	-1	0.00283543	0.277872	0.138936	7	AUGAGUGUAUUG	UGUGUGU	+
68-AUGAGUGUAUUK	M122_0.6	-1	0.00815461	0.799152	0.266384	8	AUGAGUGUAUUG	AGAGUAUA	+
69-UGCUUGAUCUAA	M037_0.6	0	0.0083957	0.822779	0.557067	7	UGCUUGAUCUAA	AGCUUGC	+
71-GGUUCUAGASW	M068_0.6	-1	0.00934642	0.915949	0.915949	7	GGUUCUAGAGA	GAUCAAG	+
75-AUGGUGGYUUAGA	M316_0.6	-2	0.000316336	0.0310009	0.0310009	4	AUGGUGGUUUAGA	GGUG	+
75-AUGGUGGYUUAGA	M168_0.6	-3	0.00868215	0.850851	0.425426	7	AUGGUGGUUUAGA	GUAGUGU	+
76-ACUCCAGCAUC	M161_0.6	0	0.00234174	0.22949	0.22949	7	ACUCCAGCAUC	AAUCCAG	+
77-GGAACCAAAUCA	M242_0.6	-4	0.000917987	0.0899627	0.0899627	7	GGAACCAAAUCA	CCAAAUU	+
79-CCUGAASUA	M245_0.6	7	0.000156319	0.0153193	0.0153193	9	CCUGAAGUA	CCGAAAUCCCGAAGUAGG	+
80-CCCWGGUG	M316_0.6	-4	0.000685738	0.0672023	0.0672023	4	CCCAGGUG	GGUG	+
81-AAACCAUC	M111_0.6	-2	0.00509785	0.499589	0.286758	6	AAACCAUC	AACAUCA	+
81-AAACCAUC	M081_0.6	-2	0.00585221	0.573516	0.286758	6	AAACCAUC	AACAUCA	+
83-GGUKGGGAUYDG	M141_0.6	-2	9.17196e-05	0.00898852	0.00898852	7	GGUGGGGAUCGG	UGGGGAU	+
83-GGUKGGGAUYDG	M126_0.6	0	0.0091768	0.899326	0.449663	7	GGUGGGGAUCGG	GGAGGGG	+
85-AAAUCACAUUG	M051_0.6	-3	0.00926195	0.907671	0.464721	7	AAAUCACAUUG	AUACAUU	+
86-GCAAUCAGCARSUA	M245_0.6	2	0.00361031	0.35381	0.35381	14	GCAAUCAGCAAGUA	CCGAAAUCCCGAAGUAGG	+
87-AACAGCAACU	M081_0.6	0	0.00293734	0.287859	0.176284	7	AACAGCAACU	AACAUCA	+
87-AACAGCAACU	M111_0.6	0	0.00359764	0.352568	0.176284	7	AACAGCAACU	AACAUCA	+
87-AACAGCAACU	M082_0.6	0	0.00674639	0.661146	0.220382	7	AACAGCAACU	AACAACA	+
89-CAUCUGGCUAU	M036_0.6	0	0.00520226	0.509822	0.509822	7	CAUCUGGCUAU	AAUCUUG	+
93-GUCACAAAAGUGAUC	M195_0.6	-3	0.00366655	0.359322	0.359322	7	GUCACAAAAGUGAUC	UCAAAAG	+
94-UUAACCUGUGAGGWC	M178_0.6	-6	0.00368167	0.360804	0.360804	7	UUAACCUGUGAGGAC	UGUGGUG	+
95-AACAGUGAUU	M256_0.6	-2	0.00227071	0.22253	0.22253	6	AACAGUGAUU	CAGUGC	+
97-UAGCAGCAC	M083_0.6	-2	0.00162899	0.159641	0.159641	7	UAGCAGCAC	GCAGCGC	+
98-AGGAACAGG	M016_0.6	-2	0.00744596	0.729704	0.644571	7	AGGAACAGG	GGACAAG	+
100-GUCUGUGAUGA	M049_0.6	0	0.0034093	0.334111	0.220947	7	GUCUGUGAUGA	GUGUGUG	+
100-GUCUGUGAUGA	M178_0.6	-3	0.00450913	0.441895	0.220947	7	GUCUGUGAUGA	UGUGGUG	+
100-GUCUGUGAUGA	M175_0.6	-1	0.00967912	0.948554	0.316185	7	GUCUGUGAUGA	AGUGUGA	+
102-AGUGCCAAU	M152_0.6	0	0.00977524	0.957973	0.515672	8	AGUGCCAAU	AAUGACAA	+

# Tomtom (Motif Comparison Tool): Version 5.4.1 compiled on Mar 27 2024 at 00:03:32
# The format of this file is described at http://meme-suite.org//doc/tomtom-output-format.html.
# tomtom -dist pearson -no-ssc -oc /data/wanglinshu/tjh/dataset/set/O/hairpin-short/streme -evalue -thresh 1.0 -min-overlap 5 /data/wanglinshu/tjh/dataset/set/O/hairpin-short/streme/streme.txt /data/wanglinshu/tjh/dataset/meme/Homo_sapiens.meme
