motif_ID	motif_ALT_ID	motif_P-value	seq_ID	seq_Score	seq_Class	is_holdout?
1-KAUAGCUCAGU	STREME-1	5.5e-003	Sample118	18.86	tp	0
1-KAUAGCUCAGU	STREME-1	5.5e-003	Sample380	18.86	tp	0
1-KAUAGCUCAGU	STREME-1	5.5e-003	Sample237	18.86	tp	0
1-KAUAGCUCAGU	STREME-1	5.5e-003	Sample74	18.86	tp	0
1-KAUAGCUCAGU	STREME-1	5.5e-003	Sample108	18.86	tp	0
1-KAUAGCUCAGU	STREME-1	5.5e-003	Sample360	18.86	tp	1
1-KAUAGCUCAGU	STREME-1	5.5e-003	Sample402	18.64	tp	0
1-KAUAGCUCAGU	STREME-1	5.5e-003	Sample147	18.64	tp	0
1-KAUAGCUCAGU	STREME-1	5.5e-003	Sample339	18.64	tp	0
1-KAUAGCUCAGU	STREME-1	5.5e-003	Sample125	18.64	tp	0
1-KAUAGCUCAGU	STREME-1	5.5e-003	Sample383	18.64	tp	0
1-KAUAGCUCAGU	STREME-1	5.5e-003	Sample396	18.64	tp	0
1-KAUAGCUCAGU	STREME-1	5.5e-003	Sample272	18.64	tp	0
1-KAUAGCUCAGU	STREME-1	5.5e-003	Sample4	18.64	tp	0
1-KAUAGCUCAGU	STREME-1	5.5e-003	Sample415	18.64	tp	0
1-KAUAGCUCAGU	STREME-1	5.5e-003	Sample328	18.64	tp	0
1-KAUAGCUCAGU	STREME-1	5.5e-003	Sample77	18.64	tp	0
1-KAUAGCUCAGU	STREME-1	5.5e-003	Sample139	18.64	tp	0
1-KAUAGCUCAGU	STREME-1	5.5e-003	Sample316	18.64	tp	0
1-KAUAGCUCAGU	STREME-1	5.5e-003	Sample296	18.64	tp	0
1-KAUAGCUCAGU	STREME-1	5.5e-003	Sample102	18.64	tp	0
1-KAUAGCUCAGU	STREME-1	5.5e-003	Sample132	18.64	tp	1
1-KAUAGCUCAGU	STREME-1	5.5e-003	Sample356	17.12	tp	0
1-KAUAGCUCAGU	STREME-1	5.5e-003	Sample38	17.12	tp	0
1-KAUAGCUCAGU	STREME-1	5.5e-003	Sample269	17.12	tp	0
1-KAUAGCUCAGU	STREME-1	5.5e-003	Sample409	17.12	tp	0
1-KAUAGCUCAGU	STREME-1	5.5e-003	Sample215	17.12	tp	0
1-KAUAGCUCAGU	STREME-1	5.5e-003	Sample325	17.12	tp	0
1-KAUAGCUCAGU	STREME-1	5.5e-003	Sample216	17.12	tp	0
1-KAUAGCUCAGU	STREME-1	5.5e-003	Sample12	17.12	tp	0
1-KAUAGCUCAGU	STREME-1	5.5e-003	Sample246	17.12	tp	0
1-KAUAGCUCAGU	STREME-1	5.5e-003	Sample376	17.12	tp	0
1-KAUAGCUCAGU	STREME-1	5.5e-003	Sample123	17.12	tp	0
1-KAUAGCUCAGU	STREME-1	5.5e-003	Sample266	17.12	tp	0
1-KAUAGCUCAGU	STREME-1	5.5e-003	Sample297	17.12	tp	0
1-KAUAGCUCAGU	STREME-1	5.5e-003	Sample318	17.12	tp	0
1-KAUAGCUCAGU	STREME-1	5.5e-003	Sample53	17.12	tp	0
1-KAUAGCUCAGU	STREME-1	5.5e-003	Sample43	17.12	tp	1
1-KAUAGCUCAGU	STREME-1	5.5e-003	Sample111	17.12	tp	1
1-KAUAGCUCAGU	STREME-1	5.5e-003	Sample159	17.12	tp	1
1-KAUAGCUCAGU	STREME-1	5.5e-003	Sample408	16.73	tp	0
1-KAUAGCUCAGU	STREME-1	5.5e-003	Sample61	16.73	tp	0
1-KAUAGCUCAGU	STREME-1	5.5e-003	Sample341	16.51	tp	0
1-KAUAGCUCAGU	STREME-1	5.5e-003	Sample319	16.51	tp	0
1-KAUAGCUCAGU	STREME-1	5.5e-003	Sample410	16.51	tp	0
1-KAUAGCUCAGU	STREME-1	5.5e-003	Sample14	16.51	tp	0
1-KAUAGCUCAGU	STREME-1	5.5e-003	Sample70	16.51	tp	0
1-KAUAGCUCAGU	STREME-1	5.5e-003	Sample336	16.51	tp	0
1-KAUAGCUCAGU	STREME-1	5.5e-003	Sample15	16.51	tp	0
1-KAUAGCUCAGU	STREME-1	5.5e-003	Sample83	16.51	tp	1
1-KAUAGCUCAGU	STREME-1	5.5e-003	Sample355	16.33	tp	0
1-KAUAGCUCAGU	STREME-1	5.5e-003	Sample349	16.33	tp	0
1-KAUAGCUCAGU	STREME-1	5.5e-003	Sample368	16.33	tp	0
1-KAUAGCUCAGU	STREME-1	5.5e-003	Sample226	16.33	tp	0
1-KAUAGCUCAGU	STREME-1	5.5e-003	Sample295	16.33	tp	0
1-KAUAGCUCAGU	STREME-1	5.5e-003	Sample230	16.33	tp	0
1-KAUAGCUCAGU	STREME-1	5.5e-003	Sample44	16.33	tp	0
1-KAUAGCUCAGU	STREME-1	5.5e-003	Sample21	16.33	tp	0
1-KAUAGCUCAGU	STREME-1	5.5e-003	Sample370	16.33	tp	0
1-KAUAGCUCAGU	STREME-1	5.5e-003	Sample217	16.33	tp	0
1-KAUAGCUCAGU	STREME-1	5.5e-003	Sample374	16.33	tp	0
1-KAUAGCUCAGU	STREME-1	5.5e-003	Sample305	16.33	tp	0
1-KAUAGCUCAGU	STREME-1	5.5e-003	Sample425	16.33	tp	0
1-KAUAGCUCAGU	STREME-1	5.5e-003	Sample227	16.33	tp	0
1-KAUAGCUCAGU	STREME-1	5.5e-003	Sample60	16.33	tp	1
1-KAUAGCUCAGU	STREME-1	5.5e-003	Sample365	16.33	tp	1
1-KAUAGCUCAGU	STREME-1	5.5e-003	Sample412	16.33	tp	1
1-KAUAGCUCAGU	STREME-1	5.5e-003	Sample143	16.33	tp	1
1-KAUAGCUCAGU	STREME-1	5.5e-003	Sample206	16.33	tp	1
1-KAUAGCUCAGU	STREME-1	5.5e-003	Sample303	16.33	tp	1
1-KAUAGCUCAGU	STREME-1	5.5e-003	Sample238	15.95	tp	0
1-KAUAGCUCAGU	STREME-1	5.5e-003	Sample56	15.95	tp	0
1-KAUAGCUCAGU	STREME-1	5.5e-003	Sample377	15.95	tp	0
1-KAUAGCUCAGU	STREME-1	5.5e-003	Sample79	15.95	tp	0
1-KAUAGCUCAGU	STREME-1	5.5e-003	Sample350	15.95	tp	0
1-KAUAGCUCAGU	STREME-1	5.5e-003	Sample273	15.95	tp	0
1-KAUAGCUCAGU	STREME-1	5.5e-003	Sample152	15.95	tp	0
1-KAUAGCUCAGU	STREME-1	5.5e-003	Sample191	15.77	tp	0
1-KAUAGCUCAGU	STREME-1	5.5e-003	Sample300	15.77	tp	0
1-KAUAGCUCAGU	STREME-1	5.5e-003	Sample289	15.77	tp	0
1-KAUAGCUCAGU	STREME-1	5.5e-003	Sample307	15.77	tp	0
1-KAUAGCUCAGU	STREME-1	5.5e-003	Sample31	15.77	tp	0
1-KAUAGCUCAGU	STREME-1	5.5e-003	Sample283	15.57	tp	0
1-KAUAGCUCAGU	STREME-1	5.5e-003	Sample242	15.57	tp	0
1-KAUAGCUCAGU	STREME-1	5.5e-003	Sample127	15.57	tp	0
1-KAUAGCUCAGU	STREME-1	5.5e-003	Sample329	15.04	tp	0
1-KAUAGCUCAGU	STREME-1	5.5e-003	Sample232	15.04	tp	0
1-KAUAGCUCAGU	STREME-1	5.5e-003	Sample243	14.74	tp	0
1-KAUAGCUCAGU	STREME-1	5.5e-003	Sample157	14.74	tp	0
1-KAUAGCUCAGU	STREME-1	5.5e-003	Sample416	14.74	tp	0
1-KAUAGCUCAGU	STREME-1	5.5e-003	Sample428	14.74	tp	0
1-KAUAGCUCAGU	STREME-1	5.5e-003	Sample320	14.74	tp	0
1-KAUAGCUCAGU	STREME-1	5.5e-003	Sample52	14.74	tp	0
1-KAUAGCUCAGU	STREME-1	5.5e-003	Sample393	14.74	tp	0
1-KAUAGCUCAGU	STREME-1	5.5e-003	Sample214	14.74	tp	0
1-KAUAGCUCAGU	STREME-1	5.5e-003	Sample178	14.74	fp	0
1-KAUAGCUCAGU	STREME-1	5.5e-003	Sample199	14.74	tp	1
1-KAUAGCUCAGU	STREME-1	5.5e-003	Sample212	14.74	tp	1
1-KAUAGCUCAGU	STREME-1	5.5e-003	Sample174	14.74	tp	1
1-KAUAGCUCAGU	STREME-1	5.5e-003	Sample271	14.20	tp	0
1-KAUAGCUCAGU	STREME-1	5.5e-003	Sample388	13.82	tp	0
1-KAUAGCUCAGU	STREME-1	5.5e-003	Sample87	13.82	tp	0
1-KAUAGCUCAGU	STREME-1	5.5e-003	Sample168	13.64	tp	0
1-KAUAGCUCAGU	STREME-1	5.5e-003	Sample314	13.35	tp	0
1-KAUAGCUCAGU	STREME-1	5.5e-003	Sample180	13.30	tp	0
1-KAUAGCUCAGU	STREME-1	5.5e-003	Sample397	13.30	tp	0
1-KAUAGCUCAGU	STREME-1	5.5e-003	Sample156	13.30	tp	0
1-KAUAGCUCAGU	STREME-1	5.5e-003	Sample177	13.30	fp	0
1-KAUAGCUCAGU	STREME-1	5.5e-003	Sample150	11.83	tp	0
1-KAUAGCUCAGU	STREME-1	5.5e-003	Sample140	11.61	tp	0
1-KAUAGCUCAGU	STREME-1	5.5e-003	Sample178	11.48	tp	0
1-KAUAGCUCAGU	STREME-1	5.5e-003	Sample161	11.39	tp	0
1-KAUAGCUCAGU	STREME-1	5.5e-003	Sample98	11.39	tp	0
1-KAUAGCUCAGU	STREME-1	5.5e-003	Sample85	11.06	tp	0
1-KAUAGCUCAGU	STREME-1	5.5e-003	Sample357	11.06	tp	0
1-KAUAGCUCAGU	STREME-1	5.5e-003	Sample196	10.54	tp	0
1-KAUAGCUCAGU	STREME-1	5.5e-003	Sample144	10.54	tp	0
1-KAUAGCUCAGU	STREME-1	5.5e-003	Sample334	10.54	tp	0
1-KAUAGCUCAGU	STREME-1	5.5e-003	Sample294	10.54	tp	0
1-KAUAGCUCAGU	STREME-1	5.5e-003	Sample94	10.54	tp	1
1-KAUAGCUCAGU	STREME-1	5.5e-003	Sample18	10.39	tp	0
1-KAUAGCUCAGU	STREME-1	5.5e-003	Sample92	9.45	tp	0
#
2-GACUGAAG	STREME-2	2.8e-002	Sample324	14.91	tp	0
2-GACUGAAG	STREME-2	2.8e-002	Sample238	14.91	tp	0
2-GACUGAAG	STREME-2	2.8e-002	Sample56	14.91	tp	0
2-GACUGAAG	STREME-2	2.8e-002	Sample377	14.91	tp	0
2-GACUGAAG	STREME-2	2.8e-002	Sample396	14.91	tp	0
2-GACUGAAG	STREME-2	2.8e-002	Sample79	14.91	tp	0
2-GACUGAAG	STREME-2	2.8e-002	Sample18	14.91	tp	0
2-GACUGAAG	STREME-2	2.8e-002	Sample328	14.91	tp	0
2-GACUGAAG	STREME-2	2.8e-002	Sample87	14.91	tp	0
2-GACUGAAG	STREME-2	2.8e-002	Sample350	14.91	tp	0
2-GACUGAAG	STREME-2	2.8e-002	Sample273	14.91	tp	0
2-GACUGAAG	STREME-2	2.8e-002	Sample316	14.91	tp	0
2-GACUGAAG	STREME-2	2.8e-002	Sample356	13.21	tp	0
2-GACUGAAG	STREME-2	2.8e-002	Sample150	13.21	tp	0
2-GACUGAAG	STREME-2	2.8e-002	Sample269	13.21	tp	0
2-GACUGAAG	STREME-2	2.8e-002	Sample215	13.21	tp	0
2-GACUGAAG	STREME-2	2.8e-002	Sample325	13.21	tp	0
2-GACUGAAG	STREME-2	2.8e-002	Sample417	13.21	tp	0
2-GACUGAAG	STREME-2	2.8e-002	Sample216	13.21	tp	0
2-GACUGAAG	STREME-2	2.8e-002	Sample118	13.21	tp	0
2-GACUGAAG	STREME-2	2.8e-002	Sample12	13.21	tp	0
2-GACUGAAG	STREME-2	2.8e-002	Sample246	13.21	tp	0
2-GACUGAAG	STREME-2	2.8e-002	Sample380	13.21	tp	0
2-GACUGAAG	STREME-2	2.8e-002	Sample123	13.21	tp	0
2-GACUGAAG	STREME-2	2.8e-002	Sample237	13.21	tp	0
2-GACUGAAG	STREME-2	2.8e-002	Sample424	13.21	tp	0
2-GACUGAAG	STREME-2	2.8e-002	Sample21	13.21	tp	0
2-GACUGAAG	STREME-2	2.8e-002	Sample266	13.21	tp	0
2-GACUGAAG	STREME-2	2.8e-002	Sample297	13.21	tp	0
2-GACUGAAG	STREME-2	2.8e-002	Sample318	13.21	tp	0
2-GACUGAAG	STREME-2	2.8e-002	Sample232	13.21	tp	0
2-GACUGAAG	STREME-2	2.8e-002	Sample13	13.21	tp	0
2-GACUGAAG	STREME-2	2.8e-002	Sample169	13.21	tp	0
2-GACUGAAG	STREME-2	2.8e-002	Sample53	13.21	tp	0
2-GACUGAAG	STREME-2	2.8e-002	Sample155	13.21	fp	0
2-GACUGAAG	STREME-2	2.8e-002	Sample249	13.21	tp	1
2-GACUGAAG	STREME-2	2.8e-002	Sample220	13.21	tp	1
2-GACUGAAG	STREME-2	2.8e-002	Sample422	13.21	tp	1
2-GACUGAAG	STREME-2	2.8e-002	Sample43	13.21	tp	1
2-GACUGAAG	STREME-2	2.8e-002	Sample360	13.21	tp	1
2-GACUGAAG	STREME-2	2.8e-002	Sample111	13.21	tp	1
2-GACUGAAG	STREME-2	2.8e-002	Sample159	13.21	tp	1
2-GACUGAAG	STREME-2	2.8e-002	Sample152	12.98	tp	0
2-GACUGAAG	STREME-2	2.8e-002	Sample388	12.09	tp	0
2-GACUGAAG	STREME-2	2.8e-002	Sample341	12.09	tp	0
2-GACUGAAG	STREME-2	2.8e-002	Sample125	12.09	tp	0
2-GACUGAAG	STREME-2	2.8e-002	Sample383	12.09	tp	0
2-GACUGAAG	STREME-2	2.8e-002	Sample319	12.09	tp	0
2-GACUGAAG	STREME-2	2.8e-002	Sample4	12.09	tp	0
2-GACUGAAG	STREME-2	2.8e-002	Sample410	12.09	tp	0
2-GACUGAAG	STREME-2	2.8e-002	Sample77	12.09	tp	0
2-GACUGAAG	STREME-2	2.8e-002	Sample14	12.09	tp	0
2-GACUGAAG	STREME-2	2.8e-002	Sample70	12.09	tp	0
2-GACUGAAG	STREME-2	2.8e-002	Sample336	12.09	tp	0
2-GACUGAAG	STREME-2	2.8e-002	Sample15	12.09	tp	0
2-GACUGAAG	STREME-2	2.8e-002	Sample83	12.09	tp	1
2-GACUGAAG	STREME-2	2.8e-002	Sample148	11.63	tp	0
2-GACUGAAG	STREME-2	2.8e-002	Sample382	11.63	tp	0
2-GACUGAAG	STREME-2	2.8e-002	Sample260	11.63	tp	0
2-GACUGAAG	STREME-2	2.8e-002	Sample194	11.63	tp	0
2-GACUGAAG	STREME-2	2.8e-002	Sample353	11.63	tp	0
2-GACUGAAG	STREME-2	2.8e-002	Sample352	10.96	tp	0
2-GACUGAAG	STREME-2	2.8e-002	Sample378	10.96	tp	0
2-GACUGAAG	STREME-2	2.8e-002	Sample222	10.96	tp	0
2-GACUGAAG	STREME-2	2.8e-002	Sample119	10.96	tp	0
2-GACUGAAG	STREME-2	2.8e-002	Sample394	10.96	tp	0
2-GACUGAAG	STREME-2	2.8e-002	Sample347	10.96	tp	0
2-GACUGAAG	STREME-2	2.8e-002	Sample340	10.96	tp	0
2-GACUGAAG	STREME-2	2.8e-002	Sample5	10.96	tp	0
2-GACUGAAG	STREME-2	2.8e-002	Sample89	10.96	tp	0
2-GACUGAAG	STREME-2	2.8e-002	Sample386	10.96	tp	0
2-GACUGAAG	STREME-2	2.8e-002	Sample73	10.96	tp	0
2-GACUGAAG	STREME-2	2.8e-002	Sample348	10.96	tp	0
2-GACUGAAG	STREME-2	2.8e-002	Sample369	10.96	tp	0
2-GACUGAAG	STREME-2	2.8e-002	Sample122	10.96	fp	0
2-GACUGAAG	STREME-2	2.8e-002	Sample4	10.96	fp	0
2-GACUGAAG	STREME-2	2.8e-002	Sample66	10.96	fp	0
2-GACUGAAG	STREME-2	2.8e-002	Sample93	10.96	tp	1
2-GACUGAAG	STREME-2	2.8e-002	Sample101	10.79	tp	0
2-GACUGAAG	STREME-2	2.8e-002	Sample308	10.79	tp	0
2-GACUGAAG	STREME-2	2.8e-002	Sample86	10.79	tp	0
2-GACUGAAG	STREME-2	2.8e-002	Sample184	10.79	tp	0
2-GACUGAAG	STREME-2	2.8e-002	Sample358	10.79	tp	1
2-GACUGAAG	STREME-2	2.8e-002	Sample99	10.67	tp	0
2-GACUGAAG	STREME-2	2.8e-002	Sample381	10.67	tp	0
2-GACUGAAG	STREME-2	2.8e-002	Sample219	10.67	tp	0
2-GACUGAAG	STREME-2	2.8e-002	Sample322	10.67	tp	0
2-GACUGAAG	STREME-2	2.8e-002	Sample430	10.67	tp	0
2-GACUGAAG	STREME-2	2.8e-002	Sample342	10.67	tp	0
2-GACUGAAG	STREME-2	2.8e-002	Sample16	9.60	tp	0
2-GACUGAAG	STREME-2	2.8e-002	Sample6	9.40	tp	0
2-GACUGAAG	STREME-2	2.8e-002	Sample431	9.27	tp	0
2-GACUGAAG	STREME-2	2.8e-002	Sample362	9.27	tp	0
2-GACUGAAG	STREME-2	2.8e-002	Sample229	9.23	tp	0
2-GACUGAAG	STREME-2	2.8e-002	Sample363	9.23	tp	0
2-GACUGAAG	STREME-2	2.8e-002	Sample255	9.23	tp	0
2-GACUGAAG	STREME-2	2.8e-002	Sample280	9.23	tp	0
2-GACUGAAG	STREME-2	2.8e-002	Sample313	9.23	tp	0
2-GACUGAAG	STREME-2	2.8e-002	Sample437	9.23	tp	0
2-GACUGAAG	STREME-2	2.8e-002	Sample192	9.23	tp	1
2-GACUGAAG	STREME-2	2.8e-002	Sample294	9.05	tp	0
2-GACUGAAG	STREME-2	2.8e-002	Sample203	8.81	tp	0
2-GACUGAAG	STREME-2	2.8e-002	Sample298	8.81	tp	0
#
3-CCGGGUKC	STREME-3	3.5e-002	Sample215	15.70	tp	0
3-CCGGGUKC	STREME-3	3.5e-002	Sample417	15.70	tp	0
3-CCGGGUKC	STREME-3	3.5e-002	Sample118	15.70	tp	0
3-CCGGGUKC	STREME-3	3.5e-002	Sample12	15.70	tp	0
3-CCGGGUKC	STREME-3	3.5e-002	Sample237	15.70	tp	0
3-CCGGGUKC	STREME-3	3.5e-002	Sample424	15.70	tp	0
3-CCGGGUKC	STREME-3	3.5e-002	Sample266	15.70	tp	0
3-CCGGGUKC	STREME-3	3.5e-002	Sample53	15.70	tp	0
3-CCGGGUKC	STREME-3	3.5e-002	Sample360	15.70	tp	1
3-CCGGGUKC	STREME-3	3.5e-002	Sample104	14.37	tp	0
3-CCGGGUKC	STREME-3	3.5e-002	Sample349	14.37	tp	0
3-CCGGGUKC	STREME-3	3.5e-002	Sample270	14.37	tp	0
3-CCGGGUKC	STREME-3	3.5e-002	Sample331	14.37	tp	0
3-CCGGGUKC	STREME-3	3.5e-002	Sample368	14.37	tp	0
3-CCGGGUKC	STREME-3	3.5e-002	Sample421	14.37	tp	0
3-CCGGGUKC	STREME-3	3.5e-002	Sample404	14.37	tp	0
3-CCGGGUKC	STREME-3	3.5e-002	Sample226	14.37	tp	0
3-CCGGGUKC	STREME-3	3.5e-002	Sample185	14.37	tp	0
3-CCGGGUKC	STREME-3	3.5e-002	Sample160	14.37	tp	0
3-CCGGGUKC	STREME-3	3.5e-002	Sample137	14.37	tp	0
3-CCGGGUKC	STREME-3	3.5e-002	Sample71	14.37	tp	0
3-CCGGGUKC	STREME-3	3.5e-002	Sample306	14.37	tp	0
3-CCGGGUKC	STREME-3	3.5e-002	Sample230	14.37	tp	0
3-CCGGGUKC	STREME-3	3.5e-002	Sample48	14.37	tp	0
3-CCGGGUKC	STREME-3	3.5e-002	Sample311	14.37	tp	0
3-CCGGGUKC	STREME-3	3.5e-002	Sample37	14.37	tp	0
3-CCGGGUKC	STREME-3	3.5e-002	Sample72	14.37	tp	0
3-CCGGGUKC	STREME-3	3.5e-002	Sample54	14.37	tp	0
3-CCGGGUKC	STREME-3	3.5e-002	Sample80	14.37	tp	0
3-CCGGGUKC	STREME-3	3.5e-002	Sample245	14.37	tp	0
3-CCGGGUKC	STREME-3	3.5e-002	Sample282	14.37	tp	0
3-CCGGGUKC	STREME-3	3.5e-002	Sample370	14.37	tp	0
3-CCGGGUKC	STREME-3	3.5e-002	Sample33	14.37	tp	0
3-CCGGGUKC	STREME-3	3.5e-002	Sample299	14.37	tp	0
3-CCGGGUKC	STREME-3	3.5e-002	Sample23	14.37	tp	0
3-CCGGGUKC	STREME-3	3.5e-002	Sample217	14.37	tp	0
3-CCGGGUKC	STREME-3	3.5e-002	Sample374	14.37	tp	0
3-CCGGGUKC	STREME-3	3.5e-002	Sample66	14.37	tp	0
3-CCGGGUKC	STREME-3	3.5e-002	Sample371	14.37	tp	0
3-CCGGGUKC	STREME-3	3.5e-002	Sample26	14.37	tp	0
3-CCGGGUKC	STREME-3	3.5e-002	Sample294	14.37	tp	0
3-CCGGGUKC	STREME-3	3.5e-002	Sample400	14.37	tp	0
3-CCGGGUKC	STREME-3	3.5e-002	Sample392	14.37	tp	0
3-CCGGGUKC	STREME-3	3.5e-002	Sample227	14.37	tp	0
3-CCGGGUKC	STREME-3	3.5e-002	Sample96	14.37	tp	0
3-CCGGGUKC	STREME-3	3.5e-002	Sample100	14.37	tp	0
3-CCGGGUKC	STREME-3	3.5e-002	Sample91	14.37	tp	0
3-CCGGGUKC	STREME-3	3.5e-002	Sample288	14.37	tp	0
3-CCGGGUKC	STREME-3	3.5e-002	Sample309	14.37	tp	0
3-CCGGGUKC	STREME-3	3.5e-002	Sample60	14.37	tp	1
3-CCGGGUKC	STREME-3	3.5e-002	Sample365	14.37	tp	1
3-CCGGGUKC	STREME-3	3.5e-002	Sample412	14.37	tp	1
3-CCGGGUKC	STREME-3	3.5e-002	Sample206	14.37	tp	1
3-CCGGGUKC	STREME-3	3.5e-002	Sample303	14.37	tp	1
3-CCGGGUKC	STREME-3	3.5e-002	Sample174	14.37	fp	1
3-CCGGGUKC	STREME-3	3.5e-002	Sample17	12.38	tp	0
3-CCGGGUKC	STREME-3	3.5e-002	Sample173	12.38	fp	0
3-CCGGGUKC	STREME-3	3.5e-002	Sample172	12.38	fp	0
3-CCGGGUKC	STREME-3	3.5e-002	Sample170	12.38	fp	1
3-CCGGGUKC	STREME-3	3.5e-002	Sample335	12.19	tp	0
3-CCGGGUKC	STREME-3	3.5e-002	Sample315	11.96	tp	0
3-CCGGGUKC	STREME-3	3.5e-002	Sample403	11.96	tp	0
3-CCGGGUKC	STREME-3	3.5e-002	Sample279	11.96	tp	0
3-CCGGGUKC	STREME-3	3.5e-002	Sample286	11.96	tp	0
3-CCGGGUKC	STREME-3	3.5e-002	Sample284	11.96	tp	0
3-CCGGGUKC	STREME-3	3.5e-002	Sample115	11.96	tp	0
3-CCGGGUKC	STREME-3	3.5e-002	Sample164	11.96	tp	0
3-CCGGGUKC	STREME-3	3.5e-002	Sample133	11.96	tp	0
3-CCGGGUKC	STREME-3	3.5e-002	Sample69	11.96	tp	1
3-CCGGGUKC	STREME-3	3.5e-002	Sample395	11.96	tp	1
3-CCGGGUKC	STREME-3	3.5e-002	Sample254	11.96	tp	1
3-CCGGGUKC	STREME-3	3.5e-002	Sample127	11.38	fp	0
3-CCGGGUKC	STREME-3	3.5e-002	Sample99	11.17	tp	0
3-CCGGGUKC	STREME-3	3.5e-002	Sample204	11.17	tp	0
3-CCGGGUKC	STREME-3	3.5e-002	Sample128	11.17	tp	0
3-CCGGGUKC	STREME-3	3.5e-002	Sample219	11.17	tp	0
3-CCGGGUKC	STREME-3	3.5e-002	Sample430	11.17	tp	0
3-CCGGGUKC	STREME-3	3.5e-002	Sample19	11.17	tp	0
3-CCGGGUKC	STREME-3	3.5e-002	Sample342	11.17	tp	0
3-CCGGGUKC	STREME-3	3.5e-002	Sample362	11.17	tp	0
3-CCGGGUKC	STREME-3	3.5e-002	Sample324	10.96	tp	0
3-CCGGGUKC	STREME-3	3.5e-002	Sample238	10.96	tp	0
3-CCGGGUKC	STREME-3	3.5e-002	Sample56	10.96	tp	0
3-CCGGGUKC	STREME-3	3.5e-002	Sample377	10.96	tp	0
3-CCGGGUKC	STREME-3	3.5e-002	Sample327	10.96	tp	0
3-CCGGGUKC	STREME-3	3.5e-002	Sample396	10.96	tp	0
3-CCGGGUKC	STREME-3	3.5e-002	Sample18	10.96	tp	0
3-CCGGGUKC	STREME-3	3.5e-002	Sample328	10.96	tp	0
3-CCGGGUKC	STREME-3	3.5e-002	Sample350	10.96	tp	0
3-CCGGGUKC	STREME-3	3.5e-002	Sample273	10.96	tp	0
3-CCGGGUKC	STREME-3	3.5e-002	Sample316	10.96	tp	0
3-CCGGGUKC	STREME-3	3.5e-002	Sample152	10.96	tp	0
3-CCGGGUKC	STREME-3	3.5e-002	Sample312	10.69	tp	0
3-CCGGGUKC	STREME-3	3.5e-002	Sample240	10.69	tp	0
3-CCGGGUKC	STREME-3	3.5e-002	Sample208	10.69	tp	0
3-CCGGGUKC	STREME-3	3.5e-002	Sample113	10.69	tp	0
3-CCGGGUKC	STREME-3	3.5e-002	Sample330	10.69	tp	0
3-CCGGGUKC	STREME-3	3.5e-002	Sample103	10.69	tp	0
3-CCGGGUKC	STREME-3	3.5e-002	Sample101	10.69	tp	0
3-CCGGGUKC	STREME-3	3.5e-002	Sample332	10.69	tp	0
3-CCGGGUKC	STREME-3	3.5e-002	Sample268	10.69	tp	0
3-CCGGGUKC	STREME-3	3.5e-002	Sample308	10.69	tp	0
3-CCGGGUKC	STREME-3	3.5e-002	Sample126	10.69	tp	0
3-CCGGGUKC	STREME-3	3.5e-002	Sample433	10.69	tp	0
3-CCGGGUKC	STREME-3	3.5e-002	Sample141	10.69	tp	0
3-CCGGGUKC	STREME-3	3.5e-002	Sample90	10.69	tp	0
3-CCGGGUKC	STREME-3	3.5e-002	Sample390	10.69	tp	0
3-CCGGGUKC	STREME-3	3.5e-002	Sample257	10.69	tp	0
3-CCGGGUKC	STREME-3	3.5e-002	Sample253	10.69	tp	0
3-CCGGGUKC	STREME-3	3.5e-002	Sample109	10.69	tp	0
3-CCGGGUKC	STREME-3	3.5e-002	Sample86	10.69	tp	0
3-CCGGGUKC	STREME-3	3.5e-002	Sample207	10.69	tp	0
3-CCGGGUKC	STREME-3	3.5e-002	Sample184	10.69	tp	0
3-CCGGGUKC	STREME-3	3.5e-002	Sample338	10.69	tp	0
3-CCGGGUKC	STREME-3	3.5e-002	Sample175	10.69	fp	0
3-CCGGGUKC	STREME-3	3.5e-002	Sample427	10.69	tp	1
3-CCGGGUKC	STREME-3	3.5e-002	Sample358	10.69	tp	1
3-CCGGGUKC	STREME-3	3.5e-002	Sample170	10.69	tp	1
3-CCGGGUKC	STREME-3	3.5e-002	Sample243	10.37	tp	0
3-CCGGGUKC	STREME-3	3.5e-002	Sample157	10.37	tp	0
3-CCGGGUKC	STREME-3	3.5e-002	Sample200	10.37	tp	0
3-CCGGGUKC	STREME-3	3.5e-002	Sample416	10.37	tp	0
3-CCGGGUKC	STREME-3	3.5e-002	Sample334	10.37	tp	0
3-CCGGGUKC	STREME-3	3.5e-002	Sample428	10.37	tp	0
3-CCGGGUKC	STREME-3	3.5e-002	Sample320	10.37	tp	0
3-CCGGGUKC	STREME-3	3.5e-002	Sample393	10.37	tp	0
3-CCGGGUKC	STREME-3	3.5e-002	Sample124	10.37	tp	0
3-CCGGGUKC	STREME-3	3.5e-002	Sample97	10.37	fp	0
3-CCGGGUKC	STREME-3	3.5e-002	Sample178	10.37	fp	0
3-CCGGGUKC	STREME-3	3.5e-002	Sample199	10.37	tp	1
3-CCGGGUKC	STREME-3	3.5e-002	Sample212	10.37	tp	1
3-CCGGGUKC	STREME-3	3.5e-002	Sample174	10.37	tp	1
3-CCGGGUKC	STREME-3	3.5e-002	Sample387	10.32	tp	0
3-CCGGGUKC	STREME-3	3.5e-002	Sample16	10.11	tp	0
3-CCGGGUKC	STREME-3	3.5e-002	Sample431	10.11	tp	0
3-CCGGGUKC	STREME-3	3.5e-002	Sample341	10.00	tp	0
3-CCGGGUKC	STREME-3	3.5e-002	Sample125	10.00	tp	0
3-CCGGGUKC	STREME-3	3.5e-002	Sample383	10.00	tp	0
3-CCGGGUKC	STREME-3	3.5e-002	Sample319	10.00	tp	0
3-CCGGGUKC	STREME-3	3.5e-002	Sample4	10.00	tp	0
3-CCGGGUKC	STREME-3	3.5e-002	Sample410	10.00	tp	0
3-CCGGGUKC	STREME-3	3.5e-002	Sample77	10.00	tp	0
3-CCGGGUKC	STREME-3	3.5e-002	Sample70	10.00	tp	0
3-CCGGGUKC	STREME-3	3.5e-002	Sample336	10.00	tp	0
3-CCGGGUKC	STREME-3	3.5e-002	Sample15	10.00	tp	0
3-CCGGGUKC	STREME-3	3.5e-002	Sample83	10.00	tp	1
3-CCGGGUKC	STREME-3	3.5e-002	Sample295	9.81	tp	0
3-CCGGGUKC	STREME-3	3.5e-002	Sample408	9.77	tp	0
3-CCGGGUKC	STREME-3	3.5e-002	Sample68	9.77	tp	0
3-CCGGGUKC	STREME-3	3.5e-002	Sample61	9.77	tp	0
3-CCGGGUKC	STREME-3	3.5e-002	Sample74	9.77	tp	0
3-CCGGGUKC	STREME-3	3.5e-002	Sample143	9.77	tp	1
3-CCGGGUKC	STREME-3	3.5e-002	Sample318	9.57	tp	0
3-CCGGGUKC	STREME-3	3.5e-002	Sample356	9.46	tp	0
3-CCGGGUKC	STREME-3	3.5e-002	Sample150	9.46	tp	0
3-CCGGGUKC	STREME-3	3.5e-002	Sample269	9.46	tp	0
3-CCGGGUKC	STREME-3	3.5e-002	Sample325	9.46	tp	0
3-CCGGGUKC	STREME-3	3.5e-002	Sample246	9.46	tp	0
3-CCGGGUKC	STREME-3	3.5e-002	Sample376	9.46	tp	0
3-CCGGGUKC	STREME-3	3.5e-002	Sample123	9.46	tp	0
3-CCGGGUKC	STREME-3	3.5e-002	Sample21	9.46	tp	0
3-CCGGGUKC	STREME-3	3.5e-002	Sample278	9.46	tp	0
3-CCGGGUKC	STREME-3	3.5e-002	Sample232	9.46	tp	0
3-CCGGGUKC	STREME-3	3.5e-002	Sample13	9.46	tp	0
3-CCGGGUKC	STREME-3	3.5e-002	Sample159	9.46	tp	1
3-CCGGGUKC	STREME-3	3.5e-002	Sample244	9.28	tp	0
3-CCGGGUKC	STREME-3	3.5e-002	Sample372	9.28	tp	0
3-CCGGGUKC	STREME-3	3.5e-002	Sample76	9.28	tp	0
3-CCGGGUKC	STREME-3	3.5e-002	Sample139	9.28	tp	0
3-CCGGGUKC	STREME-3	3.5e-002	Sample399	9.28	tp	0
3-CCGGGUKC	STREME-3	3.5e-002	Sample7	9.28	tp	0
3-CCGGGUKC	STREME-3	3.5e-002	Sample171	9.28	fp	0
3-CCGGGUKC	STREME-3	3.5e-002	Sample259	8.91	tp	0
3-CCGGGUKC	STREME-3	3.5e-002	Sample58	8.91	tp	0
3-CCGGGUKC	STREME-3	3.5e-002	Sample138	8.76	tp	0
3-CCGGGUKC	STREME-3	3.5e-002	Sample50	8.76	tp	0
3-CCGGGUKC	STREME-3	3.5e-002	Sample221	8.76	tp	0
3-CCGGGUKC	STREME-3	3.5e-002	Sample81	8.76	tp	0
3-CCGGGUKC	STREME-3	3.5e-002	Sample437	8.76	tp	0
3-CCGGGUKC	STREME-3	3.5e-002	Sample354	8.76	tp	0
3-CCGGGUKC	STREME-3	3.5e-002	Sample344	8.76	tp	0
3-CCGGGUKC	STREME-3	3.5e-002	Sample326	8.76	tp	0
3-CCGGGUKC	STREME-3	3.5e-002	Sample32	8.76	tp	0
3-CCGGGUKC	STREME-3	3.5e-002	Sample173	8.76	tp	0
3-CCGGGUKC	STREME-3	3.5e-002	Sample126	8.55	fp	0
3-CCGGGUKC	STREME-3	3.5e-002	Sample228	8.46	tp	0
3-CCGGGUKC	STREME-3	3.5e-002	Sample30	8.44	tp	0
3-CCGGGUKC	STREME-3	3.5e-002	Sample224	8.44	tp	0
3-CCGGGUKC	STREME-3	3.5e-002	Sample28	8.44	tp	0
3-CCGGGUKC	STREME-3	3.5e-002	Sample25	8.44	tp	0
3-CCGGGUKC	STREME-3	3.5e-002	Sample2	8.44	tp	0
3-CCGGGUKC	STREME-3	3.5e-002	Sample171	8.44	tp	0
3-CCGGGUKC	STREME-3	3.5e-002	Sample155	8.44	tp	0
3-CCGGGUKC	STREME-3	3.5e-002	Sample223	8.44	tp	0
3-CCGGGUKC	STREME-3	3.5e-002	Sample172	8.44	tp	0
3-CCGGGUKC	STREME-3	3.5e-002	Sample179	8.44	tp	0
3-CCGGGUKC	STREME-3	3.5e-002	Sample239	8.44	tp	0
3-CCGGGUKC	STREME-3	3.5e-002	Sample285	8.44	tp	0
3-CCGGGUKC	STREME-3	3.5e-002	Sample53	8.44	fp	0
3-CCGGGUKC	STREME-3	3.5e-002	Sample88	8.44	tp	1
3-CCGGGUKC	STREME-3	3.5e-002	Sample187	8.44	tp	1
3-CCGGGUKC	STREME-3	3.5e-002	Sample388	8.35	tp	0
3-CCGGGUKC	STREME-3	3.5e-002	Sample411	8.24	tp	0
3-CCGGGUKC	STREME-3	3.5e-002	Sample85	8.24	tp	0
3-CCGGGUKC	STREME-3	3.5e-002	Sample357	8.24	tp	0
3-CCGGGUKC	STREME-3	3.5e-002	Sample251	8.24	tp	0
3-CCGGGUKC	STREME-3	3.5e-002	Sample267	8.24	tp	0
3-CCGGGUKC	STREME-3	3.5e-002	Sample117	8.24	tp	0
3-CCGGGUKC	STREME-3	3.5e-002	Sample429	8.23	tp	0
3-CCGGGUKC	STREME-3	3.5e-002	Sample52	8.19	tp	0
3-CCGGGUKC	STREME-3	3.5e-002	Sample409	8.13	tp	0
3-CCGGGUKC	STREME-3	3.5e-002	Sample84	8.13	tp	0
3-CCGGGUKC	STREME-3	3.5e-002	Sample264	8.13	tp	0
3-CCGGGUKC	STREME-3	3.5e-002	Sample134	8.13	tp	0
3-CCGGGUKC	STREME-3	3.5e-002	Sample20	8.13	fp	0
3-CCGGGUKC	STREME-3	3.5e-002	Sample250	8.06	tp	0
3-CCGGGUKC	STREME-3	3.5e-002	Sample252	8.00	tp	0
3-CCGGGUKC	STREME-3	3.5e-002	Sample129	8.00	tp	0
3-CCGGGUKC	STREME-3	3.5e-002	Sample122	8.00	tp	0
3-CCGGGUKC	STREME-3	3.5e-002	Sample105	8.00	tp	0
3-CCGGGUKC	STREME-3	3.5e-002	Sample385	8.00	tp	0
3-CCGGGUKC	STREME-3	3.5e-002	Sample175	8.00	tp	0
3-CCGGGUKC	STREME-3	3.5e-002	Sample38	7.96	tp	0
3-CCGGGUKC	STREME-3	3.5e-002	Sample180	7.96	tp	0
3-CCGGGUKC	STREME-3	3.5e-002	Sample397	7.96	tp	0
3-CCGGGUKC	STREME-3	3.5e-002	Sample156	7.96	tp	0
3-CCGGGUKC	STREME-3	3.5e-002	Sample329	7.96	tp	0
3-CCGGGUKC	STREME-3	3.5e-002	Sample177	7.96	fp	0
3-CCGGGUKC	STREME-3	3.5e-002	Sample178	7.87	tp	0
3-CCGGGUKC	STREME-3	3.5e-002	Sample190	7.87	tp	0
3-CCGGGUKC	STREME-3	3.5e-002	Sample147	7.87	tp	0
3-CCGGGUKC	STREME-3	3.5e-002	Sample339	7.87	tp	0
3-CCGGGUKC	STREME-3	3.5e-002	Sample314	7.87	tp	0
3-CCGGGUKC	STREME-3	3.5e-002	Sample78	7.87	tp	0
3-CCGGGUKC	STREME-3	3.5e-002	Sample272	7.87	tp	0
3-CCGGGUKC	STREME-3	3.5e-002	Sample415	7.87	tp	0
3-CCGGGUKC	STREME-3	3.5e-002	Sample242	7.87	tp	0
3-CCGGGUKC	STREME-3	3.5e-002	Sample140	7.87	tp	0
3-CCGGGUKC	STREME-3	3.5e-002	Sample127	7.87	tp	0
3-CCGGGUKC	STREME-3	3.5e-002	Sample296	7.87	tp	0
3-CCGGGUKC	STREME-3	3.5e-002	Sample102	7.87	tp	0
3-CCGGGUKC	STREME-3	3.5e-002	Sample132	7.87	tp	1
3-CCGGGUKC	STREME-3	3.5e-002	Sample18	7.87	fp	1
3-CCGGGUKC	STREME-3	3.5e-002	Sample64	7.76	tp	0
3-CCGGGUKC	STREME-3	3.5e-002	Sample154	7.76	tp	0
3-CCGGGUKC	STREME-3	3.5e-002	Sample169	7.76	tp	0
3-CCGGGUKC	STREME-3	3.5e-002	Sample249	7.76	tp	1
3-CCGGGUKC	STREME-3	3.5e-002	Sample422	7.76	tp	1
3-CCGGGUKC	STREME-3	3.5e-002	Sample434	7.39	tp	0
3-CCGGGUKC	STREME-3	3.5e-002	Sample229	7.38	tp	0
3-CCGGGUKC	STREME-3	3.5e-002	Sample363	7.38	tp	0
3-CCGGGUKC	STREME-3	3.5e-002	Sample255	7.38	tp	0
3-CCGGGUKC	STREME-3	3.5e-002	Sample280	7.38	tp	0
3-CCGGGUKC	STREME-3	3.5e-002	Sample313	7.38	tp	0
3-CCGGGUKC	STREME-3	3.5e-002	Sample40	7.33	tp	0
3-CCGGGUKC	STREME-3	3.5e-002	Sample305	7.30	tp	0
3-CCGGGUKC	STREME-3	3.5e-002	Sample75	7.02	tp	0
3-CCGGGUKC	STREME-3	3.5e-002	Sample233	7.00	tp	0
3-CCGGGUKC	STREME-3	3.5e-002	Sample121	7.00	tp	0
3-CCGGGUKC	STREME-3	3.5e-002	Sample183	7.00	tp	0
3-CCGGGUKC	STREME-3	3.5e-002	Sample289	6.93	tp	0
3-CCGGGUKC	STREME-3	3.5e-002	Sample216	6.90	tp	0
3-CCGGGUKC	STREME-3	3.5e-002	Sample297	6.90	tp	0
3-CCGGGUKC	STREME-3	3.5e-002	Sample111	6.90	tp	1
3-CCGGGUKC	STREME-3	3.5e-002	Sample181	6.88	tp	0
3-CCGGGUKC	STREME-3	3.5e-002	Sample114	6.86	tp	0
3-CCGGGUKC	STREME-3	3.5e-002	Sample202	6.83	tp	0
#
4-CAGGGUCG	STREME-4	3.9e-002	Sample252	14.60	tp	0
4-CAGGGUCG	STREME-4	3.9e-002	Sample191	14.60	tp	0
4-CAGGGUCG	STREME-4	3.9e-002	Sample129	14.60	tp	0
4-CAGGGUCG	STREME-4	3.9e-002	Sample122	14.60	tp	0
4-CAGGGUCG	STREME-4	3.9e-002	Sample105	14.60	tp	0
4-CAGGGUCG	STREME-4	3.9e-002	Sample385	14.60	tp	0
4-CAGGGUCG	STREME-4	3.9e-002	Sample180	14.60	tp	0
4-CAGGGUCG	STREME-4	3.9e-002	Sample177	14.60	tp	0
4-CAGGGUCG	STREME-4	3.9e-002	Sample175	14.60	tp	0
4-CAGGGUCG	STREME-4	3.9e-002	Sample419	14.60	tp	0
4-CAGGGUCG	STREME-4	3.9e-002	Sample307	14.60	tp	0
4-CAGGGUCG	STREME-4	3.9e-002	Sample40	14.60	tp	0
4-CAGGGUCG	STREME-4	3.9e-002	Sample387	14.60	tp	0
4-CAGGGUCG	STREME-4	3.9e-002	Sample168	14.60	tp	0
4-CAGGGUCG	STREME-4	3.9e-002	Sample30	14.09	tp	0
4-CAGGGUCG	STREME-4	3.9e-002	Sample224	14.09	tp	0
4-CAGGGUCG	STREME-4	3.9e-002	Sample379	14.09	tp	0
4-CAGGGUCG	STREME-4	3.9e-002	Sample28	14.09	tp	0
4-CAGGGUCG	STREME-4	3.9e-002	Sample25	14.09	tp	0
4-CAGGGUCG	STREME-4	3.9e-002	Sample155	14.09	tp	0
4-CAGGGUCG	STREME-4	3.9e-002	Sample223	14.09	tp	0
4-CAGGGUCG	STREME-4	3.9e-002	Sample172	14.09	tp	0
4-CAGGGUCG	STREME-4	3.9e-002	Sample186	14.09	tp	0
4-CAGGGUCG	STREME-4	3.9e-002	Sample179	14.09	tp	0
4-CAGGGUCG	STREME-4	3.9e-002	Sample285	14.09	tp	0
4-CAGGGUCG	STREME-4	3.9e-002	Sample187	14.09	tp	1
4-CAGGGUCG	STREME-4	3.9e-002	Sample431	13.54	tp	0
4-CAGGGUCG	STREME-4	3.9e-002	Sample389	13.10	tp	0
4-CAGGGUCG	STREME-4	3.9e-002	Sample398	13.10	tp	0
4-CAGGGUCG	STREME-4	3.9e-002	Sample166	13.10	tp	0
4-CAGGGUCG	STREME-4	3.9e-002	Sample22	13.10	fp	0
4-CAGGGUCG	STREME-4	3.9e-002	Sample104	13.10	fp	0
4-CAGGGUCG	STREME-4	3.9e-002	Sample92	12.84	tp	0
4-CAGGGUCG	STREME-4	3.9e-002	Sample243	12.84	tp	0
4-CAGGGUCG	STREME-4	3.9e-002	Sample157	12.84	tp	0
4-CAGGGUCG	STREME-4	3.9e-002	Sample416	12.84	tp	0
4-CAGGGUCG	STREME-4	3.9e-002	Sample428	12.84	tp	0
4-CAGGGUCG	STREME-4	3.9e-002	Sample320	12.84	tp	0
4-CAGGGUCG	STREME-4	3.9e-002	Sample52	12.84	tp	0
4-CAGGGUCG	STREME-4	3.9e-002	Sample393	12.84	tp	0
4-CAGGGUCG	STREME-4	3.9e-002	Sample178	12.84	fp	0
4-CAGGGUCG	STREME-4	3.9e-002	Sample199	12.84	tp	1
4-CAGGGUCG	STREME-4	3.9e-002	Sample174	12.84	tp	1
4-CAGGGUCG	STREME-4	3.9e-002	Sample239	12.33	tp	0
4-CAGGGUCG	STREME-4	3.9e-002	Sample2	11.93	tp	0
4-CAGGGUCG	STREME-4	3.9e-002	Sample88	11.93	tp	1
4-CAGGGUCG	STREME-4	3.9e-002	Sample204	11.90	tp	0
4-CAGGGUCG	STREME-4	3.9e-002	Sample128	11.90	tp	0
4-CAGGGUCG	STREME-4	3.9e-002	Sample19	11.90	tp	0
4-CAGGGUCG	STREME-4	3.9e-002	Sample346	10.96	tp	0
4-CAGGGUCG	STREME-4	3.9e-002	Sample229	10.77	tp	0
4-CAGGGUCG	STREME-4	3.9e-002	Sample363	10.77	tp	0
4-CAGGGUCG	STREME-4	3.9e-002	Sample255	10.77	tp	0
4-CAGGGUCG	STREME-4	3.9e-002	Sample280	10.77	tp	0
4-CAGGGUCG	STREME-4	3.9e-002	Sample313	10.77	tp	0
4-CAGGGUCG	STREME-4	3.9e-002	Sample438	10.33	tp	0
4-CAGGGUCG	STREME-4	3.9e-002	Sample171	10.33	tp	0
4-CAGGGUCG	STREME-4	3.9e-002	Sample153	10.33	tp	0
4-CAGGGUCG	STREME-4	3.9e-002	Sample201	10.33	tp	0
4-CAGGGUCG	STREME-4	3.9e-002	Sample57	10.33	tp	0
4-CAGGGUCG	STREME-4	3.9e-002	Sample263	10.33	tp	0
4-CAGGGUCG	STREME-4	3.9e-002	Sample234	10.33	tp	0
4-CAGGGUCG	STREME-4	3.9e-002	Sample182	10.33	tp	1
4-CAGGGUCG	STREME-4	3.9e-002	Sample97	10.03	tp	0
4-CAGGGUCG	STREME-4	3.9e-002	Sample207	9.90	tp	0
4-CAGGGUCG	STREME-4	3.9e-002	Sample300	9.84	tp	0
4-CAGGGUCG	STREME-4	3.9e-002	Sample304	9.84	tp	0
4-CAGGGUCG	STREME-4	3.9e-002	Sample31	9.84	tp	0
4-CAGGGUCG	STREME-4	3.9e-002	Sample196	9.84	tp	0
4-CAGGGUCG	STREME-4	3.9e-002	Sample144	9.84	tp	0
4-CAGGGUCG	STREME-4	3.9e-002	Sample334	9.84	tp	0
4-CAGGGUCG	STREME-4	3.9e-002	Sample94	9.84	tp	1
4-CAGGGUCG	STREME-4	3.9e-002	Sample50	9.26	tp	0
4-CAGGGUCG	STREME-4	3.9e-002	Sample101	9.26	tp	0
4-CAGGGUCG	STREME-4	3.9e-002	Sample308	9.26	tp	0
4-CAGGGUCG	STREME-4	3.9e-002	Sample219	9.26	tp	0
4-CAGGGUCG	STREME-4	3.9e-002	Sample221	9.26	tp	0
4-CAGGGUCG	STREME-4	3.9e-002	Sample322	9.26	tp	0
4-CAGGGUCG	STREME-4	3.9e-002	Sample354	9.26	tp	0
4-CAGGGUCG	STREME-4	3.9e-002	Sample432	9.26	tp	0
4-CAGGGUCG	STREME-4	3.9e-002	Sample86	9.26	tp	0
4-CAGGGUCG	STREME-4	3.9e-002	Sample184	9.26	tp	0
4-CAGGGUCG	STREME-4	3.9e-002	Sample358	9.26	tp	1
4-CAGGGUCG	STREME-4	3.9e-002	Sample433	9.11	tp	0
4-CAGGGUCG	STREME-4	3.9e-002	Sample90	9.11	tp	0
4-CAGGGUCG	STREME-4	3.9e-002	Sample257	9.11	tp	0
4-CAGGGUCG	STREME-4	3.9e-002	Sample253	9.11	tp	0
4-CAGGGUCG	STREME-4	3.9e-002	Sample338	9.11	tp	0
4-CAGGGUCG	STREME-4	3.9e-002	Sample24	8.78	tp	0
4-CAGGGUCG	STREME-4	3.9e-002	Sample75	8.78	tp	0
4-CAGGGUCG	STREME-4	3.9e-002	Sample167	8.78	tp	0
4-CAGGGUCG	STREME-4	3.9e-002	Sample146	8.78	tp	0
4-CAGGGUCG	STREME-4	3.9e-002	Sample375	8.78	tp	1
4-CAGGGUCG	STREME-4	3.9e-002	Sample411	8.75	tp	0
4-CAGGGUCG	STREME-4	3.9e-002	Sample124	8.75	tp	0
4-CAGGGUCG	STREME-4	3.9e-002	Sample275	7.93	tp	0
4-CAGGGUCG	STREME-4	3.9e-002	Sample233	7.93	tp	0
4-CAGGGUCG	STREME-4	3.9e-002	Sample162	7.93	tp	1
4-CAGGGUCG	STREME-4	3.9e-002	Sample426	7.42	tp	0
4-CAGGGUCG	STREME-4	3.9e-002	Sample249	7.34	tp	1
4-CAGGGUCG	STREME-4	3.9e-002	Sample299	7.23	tp	0
#
5-GUUCGAGC	STREME-5	1.0e-001	Sample252	15.84	tp	0
5-GUUCGAGC	STREME-5	1.0e-001	Sample30	15.84	tp	0
5-GUUCGAGC	STREME-5	1.0e-001	Sample129	15.84	tp	0
5-GUUCGAGC	STREME-5	1.0e-001	Sample379	15.84	tp	0
5-GUUCGAGC	STREME-5	1.0e-001	Sample75	15.84	tp	0
5-GUUCGAGC	STREME-5	1.0e-001	Sample28	15.84	tp	0
5-GUUCGAGC	STREME-5	1.0e-001	Sample259	15.84	tp	0
5-GUUCGAGC	STREME-5	1.0e-001	Sample122	15.84	tp	0
5-GUUCGAGC	STREME-5	1.0e-001	Sample25	15.84	tp	0
5-GUUCGAGC	STREME-5	1.0e-001	Sample2	15.84	tp	0
5-GUUCGAGC	STREME-5	1.0e-001	Sample105	15.84	tp	0
5-GUUCGAGC	STREME-5	1.0e-001	Sample385	15.84	tp	0
5-GUUCGAGC	STREME-5	1.0e-001	Sample366	15.84	tp	0
5-GUUCGAGC	STREME-5	1.0e-001	Sample146	15.84	tp	0
5-GUUCGAGC	STREME-5	1.0e-001	Sample171	15.84	tp	0
5-GUUCGAGC	STREME-5	1.0e-001	Sample58	15.84	tp	0
5-GUUCGAGC	STREME-5	1.0e-001	Sample136	15.84	tp	0
5-GUUCGAGC	STREME-5	1.0e-001	Sample223	15.84	tp	0
5-GUUCGAGC	STREME-5	1.0e-001	Sample1	15.84	tp	0
5-GUUCGAGC	STREME-5	1.0e-001	Sample175	15.84	tp	0
5-GUUCGAGC	STREME-5	1.0e-001	Sample172	15.84	tp	0
5-GUUCGAGC	STREME-5	1.0e-001	Sample98	15.84	tp	0
5-GUUCGAGC	STREME-5	1.0e-001	Sample46	15.84	tp	0
5-GUUCGAGC	STREME-5	1.0e-001	Sample419	15.84	tp	0
5-GUUCGAGC	STREME-5	1.0e-001	Sample429	15.84	tp	0
5-GUUCGAGC	STREME-5	1.0e-001	Sample342	15.84	tp	0
5-GUUCGAGC	STREME-5	1.0e-001	Sample351	15.84	tp	0
5-GUUCGAGC	STREME-5	1.0e-001	Sample88	15.84	tp	1
5-GUUCGAGC	STREME-5	1.0e-001	Sample187	15.84	tp	1
5-GUUCGAGC	STREME-5	1.0e-001	Sample375	15.84	tp	1
5-GUUCGAGC	STREME-5	1.0e-001	Sample99	14.29	tp	0
5-GUUCGAGC	STREME-5	1.0e-001	Sample219	14.29	tp	0
5-GUUCGAGC	STREME-5	1.0e-001	Sample281	14.29	tp	0
5-GUUCGAGC	STREME-5	1.0e-001	Sample390	14.29	tp	0
5-GUUCGAGC	STREME-5	1.0e-001	Sample430	14.29	tp	0
5-GUUCGAGC	STREME-5	1.0e-001	Sample261	14.29	tp	0
5-GUUCGAGC	STREME-5	1.0e-001	Sample8	14.29	tp	0
5-GUUCGAGC	STREME-5	1.0e-001	Sample256	14.29	tp	0
5-GUUCGAGC	STREME-5	1.0e-001	Sample92	14.13	tp	0
5-GUUCGAGC	STREME-5	1.0e-001	Sample355	14.13	tp	0
5-GUUCGAGC	STREME-5	1.0e-001	Sample167	14.13	tp	0
5-GUUCGAGC	STREME-5	1.0e-001	Sample161	14.13	tp	0
5-GUUCGAGC	STREME-5	1.0e-001	Sample56	14.13	tp	0
5-GUUCGAGC	STREME-5	1.0e-001	Sample44	14.13	tp	0
5-GUUCGAGC	STREME-5	1.0e-001	Sample155	14.13	tp	0
5-GUUCGAGC	STREME-5	1.0e-001	Sample18	14.13	tp	0
5-GUUCGAGC	STREME-5	1.0e-001	Sample74	14.13	tp	0
5-GUUCGAGC	STREME-5	1.0e-001	Sample273	14.13	tp	0
5-GUUCGAGC	STREME-5	1.0e-001	Sample425	14.13	tp	0
5-GUUCGAGC	STREME-5	1.0e-001	Sample178	13.23	tp	0
5-GUUCGAGC	STREME-5	1.0e-001	Sample147	13.23	tp	0
5-GUUCGAGC	STREME-5	1.0e-001	Sample139	13.23	tp	0
5-GUUCGAGC	STREME-5	1.0e-001	Sample296	13.23	tp	0
5-GUUCGAGC	STREME-5	1.0e-001	Sample196	13.04	tp	0
5-GUUCGAGC	STREME-5	1.0e-001	Sample204	13.04	tp	0
5-GUUCGAGC	STREME-5	1.0e-001	Sample235	13.04	tp	0
5-GUUCGAGC	STREME-5	1.0e-001	Sample142	13.04	tp	0
5-GUUCGAGC	STREME-5	1.0e-001	Sample345	13.04	tp	0
5-GUUCGAGC	STREME-5	1.0e-001	Sample35	13.04	tp	0
5-GUUCGAGC	STREME-5	1.0e-001	Sample19	13.04	tp	0
5-GUUCGAGC	STREME-5	1.0e-001	Sample407	13.04	tp	0
5-GUUCGAGC	STREME-5	1.0e-001	Sample362	13.04	tp	0
5-GUUCGAGC	STREME-5	1.0e-001	Sample55	13.04	tp	1
5-GUUCGAGC	STREME-5	1.0e-001	Sample94	13.04	tp	1
5-GUUCGAGC	STREME-5	1.0e-001	Sample31	11.64	tp	0
5-GUUCGAGC	STREME-5	1.0e-001	Sample307	10.75	tp	0
5-GUUCGAGC	STREME-5	1.0e-001	Sample191	10.74	tp	0
5-GUUCGAGC	STREME-5	1.0e-001	Sample300	10.74	tp	0
5-GUUCGAGC	STREME-5	1.0e-001	Sample168	10.74	tp	0
5-GUUCGAGC	STREME-5	1.0e-001	Sample304	10.74	tp	0
5-GUUCGAGC	STREME-5	1.0e-001	Sample312	10.62	tp	0
5-GUUCGAGC	STREME-5	1.0e-001	Sample112	10.62	tp	0
5-GUUCGAGC	STREME-5	1.0e-001	Sample208	10.62	tp	0
5-GUUCGAGC	STREME-5	1.0e-001	Sample138	10.62	tp	0
5-GUUCGAGC	STREME-5	1.0e-001	Sample330	10.62	tp	0
5-GUUCGAGC	STREME-5	1.0e-001	Sample103	10.62	tp	0
5-GUUCGAGC	STREME-5	1.0e-001	Sample50	10.62	tp	0
5-GUUCGAGC	STREME-5	1.0e-001	Sample101	10.62	tp	0
5-GUUCGAGC	STREME-5	1.0e-001	Sample332	10.62	tp	0
5-GUUCGAGC	STREME-5	1.0e-001	Sample268	10.62	tp	0
5-GUUCGAGC	STREME-5	1.0e-001	Sample231	10.62	tp	0
5-GUUCGAGC	STREME-5	1.0e-001	Sample308	10.62	tp	0
5-GUUCGAGC	STREME-5	1.0e-001	Sample189	10.62	tp	0
5-GUUCGAGC	STREME-5	1.0e-001	Sample126	10.62	tp	0
5-GUUCGAGC	STREME-5	1.0e-001	Sample130	10.62	tp	0
5-GUUCGAGC	STREME-5	1.0e-001	Sample250	10.62	tp	0
5-GUUCGAGC	STREME-5	1.0e-001	Sample144	10.62	tp	0
5-GUUCGAGC	STREME-5	1.0e-001	Sample125	10.62	tp	0
5-GUUCGAGC	STREME-5	1.0e-001	Sample433	10.62	tp	0
5-GUUCGAGC	STREME-5	1.0e-001	Sample141	10.62	tp	0
5-GUUCGAGC	STREME-5	1.0e-001	Sample221	10.62	tp	0
5-GUUCGAGC	STREME-5	1.0e-001	Sample383	10.62	tp	0
5-GUUCGAGC	STREME-5	1.0e-001	Sample39	10.62	tp	0
5-GUUCGAGC	STREME-5	1.0e-001	Sample81	10.62	tp	0
5-GUUCGAGC	STREME-5	1.0e-001	Sample90	10.62	tp	0
5-GUUCGAGC	STREME-5	1.0e-001	Sample4	10.62	tp	0
5-GUUCGAGC	STREME-5	1.0e-001	Sample346	10.62	tp	0
5-GUUCGAGC	STREME-5	1.0e-001	Sample257	10.62	tp	0
5-GUUCGAGC	STREME-5	1.0e-001	Sample253	10.62	tp	0
5-GUUCGAGC	STREME-5	1.0e-001	Sample354	10.62	tp	0
5-GUUCGAGC	STREME-5	1.0e-001	Sample432	10.62	tp	0
5-GUUCGAGC	STREME-5	1.0e-001	Sample344	10.62	tp	0
5-GUUCGAGC	STREME-5	1.0e-001	Sample384	10.62	tp	0
5-GUUCGAGC	STREME-5	1.0e-001	Sample326	10.62	tp	0
5-GUUCGAGC	STREME-5	1.0e-001	Sample109	10.62	tp	0
5-GUUCGAGC	STREME-5	1.0e-001	Sample86	10.62	tp	0
5-GUUCGAGC	STREME-5	1.0e-001	Sample207	10.62	tp	0
5-GUUCGAGC	STREME-5	1.0e-001	Sample184	10.62	tp	0
5-GUUCGAGC	STREME-5	1.0e-001	Sample233	10.62	tp	0
5-GUUCGAGC	STREME-5	1.0e-001	Sample173	10.62	tp	0
5-GUUCGAGC	STREME-5	1.0e-001	Sample338	10.62	tp	0
5-GUUCGAGC	STREME-5	1.0e-001	Sample121	10.62	tp	0
5-GUUCGAGC	STREME-5	1.0e-001	Sample183	10.62	tp	0
5-GUUCGAGC	STREME-5	1.0e-001	Sample301	10.62	tp	0
5-GUUCGAGC	STREME-5	1.0e-001	Sample15	10.62	tp	0
5-GUUCGAGC	STREME-5	1.0e-001	Sample41	10.62	fp	0
5-GUUCGAGC	STREME-5	1.0e-001	Sample175	10.62	fp	0
5-GUUCGAGC	STREME-5	1.0e-001	Sample140	10.62	fp	0
5-GUUCGAGC	STREME-5	1.0e-001	Sample358	10.62	tp	1
5-GUUCGAGC	STREME-5	1.0e-001	Sample170	10.62	tp	1
#
6-GACUCUUAAUCC	STREME-6	2.0e-001	Sample191	21.69	tp	0
6-GACUCUUAAUCC	STREME-6	2.0e-001	Sample105	21.69	tp	0
6-GACUCUUAAUCC	STREME-6	2.0e-001	Sample40	21.69	tp	0
6-GACUCUUAAUCC	STREME-6	2.0e-001	Sample403	17.38	tp	0
6-GACUCUUAAUCC	STREME-6	2.0e-001	Sample142	17.38	tp	0
6-GACUCUUAAUCC	STREME-6	2.0e-001	Sample279	17.38	tp	0
6-GACUCUUAAUCC	STREME-6	2.0e-001	Sample286	17.38	tp	0
6-GACUCUUAAUCC	STREME-6	2.0e-001	Sample284	17.38	tp	0
6-GACUCUUAAUCC	STREME-6	2.0e-001	Sample115	17.38	tp	0
6-GACUCUUAAUCC	STREME-6	2.0e-001	Sample131	17.38	tp	0
6-GACUCUUAAUCC	STREME-6	2.0e-001	Sample310	17.38	tp	0
6-GACUCUUAAUCC	STREME-6	2.0e-001	Sample395	17.38	tp	1
6-GACUCUUAAUCC	STREME-6	2.0e-001	Sample241	17.38	tp	1
6-GACUCUUAAUCC	STREME-6	2.0e-001	Sample429	16.86	tp	0
6-GACUCUUAAUCC	STREME-6	2.0e-001	Sample3	16.11	tp	0
6-GACUCUUAAUCC	STREME-6	2.0e-001	Sample252	16.11	tp	0
6-GACUCUUAAUCC	STREME-6	2.0e-001	Sample122	16.11	tp	0
6-GACUCUUAAUCC	STREME-6	2.0e-001	Sample385	16.11	tp	0
6-GACUCUUAAUCC	STREME-6	2.0e-001	Sample413	16.11	tp	0
6-GACUCUUAAUCC	STREME-6	2.0e-001	Sample177	16.11	tp	0
6-GACUCUUAAUCC	STREME-6	2.0e-001	Sample300	16.11	tp	0
6-GACUCUUAAUCC	STREME-6	2.0e-001	Sample289	16.11	tp	0
6-GACUCUUAAUCC	STREME-6	2.0e-001	Sample175	16.11	tp	0
6-GACUCUUAAUCC	STREME-6	2.0e-001	Sample419	16.11	tp	0
6-GACUCUUAAUCC	STREME-6	2.0e-001	Sample307	16.11	tp	0
6-GACUCUUAAUCC	STREME-6	2.0e-001	Sample387	16.11	tp	0
6-GACUCUUAAUCC	STREME-6	2.0e-001	Sample168	16.11	tp	0
6-GACUCUUAAUCC	STREME-6	2.0e-001	Sample304	16.11	tp	0
6-GACUCUUAAUCC	STREME-6	2.0e-001	Sample31	16.11	tp	0
6-GACUCUUAAUCC	STREME-6	2.0e-001	Sample208	13.72	tp	0
6-GACUCUUAAUCC	STREME-6	2.0e-001	Sample113	13.72	tp	0
6-GACUCUUAAUCC	STREME-6	2.0e-001	Sample207	13.72	tp	0
6-GACUCUUAAUCC	STREME-6	2.0e-001	Sample427	13.72	tp	1
6-GACUCUUAAUCC	STREME-6	2.0e-001	Sample42	13.23	tp	0
6-GACUCUUAAUCC	STREME-6	2.0e-001	Sample145	13.23	tp	0
6-GACUCUUAAUCC	STREME-6	2.0e-001	Sample436	13.23	tp	0
6-GACUCUUAAUCC	STREME-6	2.0e-001	Sample164	12.61	tp	0
6-GACUCUUAAUCC	STREME-6	2.0e-001	Sample133	12.61	tp	0
6-GACUCUUAAUCC	STREME-6	2.0e-001	Sample69	12.61	tp	1
6-GACUCUUAAUCC	STREME-6	2.0e-001	Sample315	12.06	tp	0
6-GACUCUUAAUCC	STREME-6	2.0e-001	Sample332	12.03	tp	0
6-GACUCUUAAUCC	STREME-6	2.0e-001	Sample433	12.03	tp	0
6-GACUCUUAAUCC	STREME-6	2.0e-001	Sample90	12.03	tp	0
6-GACUCUUAAUCC	STREME-6	2.0e-001	Sample257	12.03	tp	0
6-GACUCUUAAUCC	STREME-6	2.0e-001	Sample253	12.03	tp	0
6-GACUCUUAAUCC	STREME-6	2.0e-001	Sample338	12.03	tp	0
6-GACUCUUAAUCC	STREME-6	2.0e-001	Sample435	11.94	tp	0
6-GACUCUUAAUCC	STREME-6	2.0e-001	Sample400	11.36	tp	0
6-GACUCUUAAUCC	STREME-6	2.0e-001	Sample402	10.92	tp	0
6-GACUCUUAAUCC	STREME-6	2.0e-001	Sample178	10.92	tp	0
6-GACUCUUAAUCC	STREME-6	2.0e-001	Sample190	10.92	tp	0
6-GACUCUUAAUCC	STREME-6	2.0e-001	Sample147	10.92	tp	0
6-GACUCUUAAUCC	STREME-6	2.0e-001	Sample339	10.92	tp	0
6-GACUCUUAAUCC	STREME-6	2.0e-001	Sample272	10.92	tp	0
6-GACUCUUAAUCC	STREME-6	2.0e-001	Sample415	10.92	tp	0
6-GACUCUUAAUCC	STREME-6	2.0e-001	Sample283	10.92	tp	0
6-GACUCUUAAUCC	STREME-6	2.0e-001	Sample139	10.92	tp	0
6-GACUCUUAAUCC	STREME-6	2.0e-001	Sample127	10.92	tp	0
6-GACUCUUAAUCC	STREME-6	2.0e-001	Sample296	10.92	tp	0
6-GACUCUUAAUCC	STREME-6	2.0e-001	Sample102	10.92	tp	0
6-GACUCUUAAUCC	STREME-6	2.0e-001	Sample132	10.92	tp	1
6-GACUCUUAAUCC	STREME-6	2.0e-001	Sample129	10.87	tp	0
6-GACUCUUAAUCC	STREME-6	2.0e-001	Sample271	8.78	tp	0
#
7-GGUCUAGUGGUU	STREME-7	3.0e-001	Sample404	18.63	tp	0
7-GGUCUAGUGGUU	STREME-7	3.0e-001	Sample311	18.63	tp	0
7-GGUCUAGUGGUU	STREME-7	3.0e-001	Sample309	18.63	tp	0
7-GGUCUAGUGGUU	STREME-7	3.0e-001	Sample137	17.75	tp	0
7-GGUCUAGUGGUU	STREME-7	3.0e-001	Sample160	16.95	tp	0
7-GGUCUAGUGGUU	STREME-7	3.0e-001	Sample33	16.95	tp	0
7-GGUCUAGUGGUU	STREME-7	3.0e-001	Sample100	16.95	tp	0
7-GGUCUAGUGGUU	STREME-7	3.0e-001	Sample71	16.79	tp	0
7-GGUCUAGUGGUU	STREME-7	3.0e-001	Sample306	16.79	tp	0
7-GGUCUAGUGGUU	STREME-7	3.0e-001	Sample282	16.76	tp	0
7-GGUCUAGUGGUU	STREME-7	3.0e-001	Sample104	16.37	tp	0
7-GGUCUAGUGGUU	STREME-7	3.0e-001	Sample48	15.94	tp	0
7-GGUCUAGUGGUU	STREME-7	3.0e-001	Sample80	15.94	tp	0
7-GGUCUAGUGGUU	STREME-7	3.0e-001	Sample23	15.94	tp	0
7-GGUCUAGUGGUU	STREME-7	3.0e-001	Sample66	15.94	tp	0
7-GGUCUAGUGGUU	STREME-7	3.0e-001	Sample371	15.94	tp	0
7-GGUCUAGUGGUU	STREME-7	3.0e-001	Sample26	15.94	tp	0
7-GGUCUAGUGGUU	STREME-7	3.0e-001	Sample174	15.94	fp	1
7-GGUCUAGUGGUU	STREME-7	3.0e-001	Sample37	15.89	tp	0
7-GGUCUAGUGGUU	STREME-7	3.0e-001	Sample286	15.35	tp	0
7-GGUCUAGUGGUU	STREME-7	3.0e-001	Sample284	15.35	tp	0
7-GGUCUAGUGGUU	STREME-7	3.0e-001	Sample115	15.35	tp	0
7-GGUCUAGUGGUU	STREME-7	3.0e-001	Sample164	15.35	tp	0
7-GGUCUAGUGGUU	STREME-7	3.0e-001	Sample133	15.35	tp	0
7-GGUCUAGUGGUU	STREME-7	3.0e-001	Sample69	15.35	tp	1
7-GGUCUAGUGGUU	STREME-7	3.0e-001	Sample254	15.35	tp	1
7-GGUCUAGUGGUU	STREME-7	3.0e-001	Sample200	15.32	tp	0
7-GGUCUAGUGGUU	STREME-7	3.0e-001	Sample270	14.83	tp	0
7-GGUCUAGUGGUU	STREME-7	3.0e-001	Sample335	14.83	tp	0
7-GGUCUAGUGGUU	STREME-7	3.0e-001	Sample142	14.47	tp	0
7-GGUCUAGUGGUU	STREME-7	3.0e-001	Sample279	14.47	tp	0
7-GGUCUAGUGGUU	STREME-7	3.0e-001	Sample310	14.47	tp	0
7-GGUCUAGUGGUU	STREME-7	3.0e-001	Sample64	14.28	tp	0
7-GGUCUAGUGGUU	STREME-7	3.0e-001	Sample366	14.28	tp	0
7-GGUCUAGUGGUU	STREME-7	3.0e-001	Sample17	14.28	tp	0
7-GGUCUAGUGGUU	STREME-7	3.0e-001	Sample154	14.28	tp	0
7-GGUCUAGUGGUU	STREME-7	3.0e-001	Sample173	14.28	fp	0
7-GGUCUAGUGGUU	STREME-7	3.0e-001	Sample277	14.28	tp	1
7-GGUCUAGUGGUU	STREME-7	3.0e-001	Sample235	13.93	tp	0
7-GGUCUAGUGGUU	STREME-7	3.0e-001	Sample345	13.93	tp	0
7-GGUCUAGUGGUU	STREME-7	3.0e-001	Sample35	13.93	tp	0
7-GGUCUAGUGGUU	STREME-7	3.0e-001	Sample407	13.93	tp	0
7-GGUCUAGUGGUU	STREME-7	3.0e-001	Sample55	13.93	tp	1
7-GGUCUAGUGGUU	STREME-7	3.0e-001	Sample76	13.79	tp	0
7-GGUCUAGUGGUU	STREME-7	3.0e-001	Sample149	13.42	tp	0
7-GGUCUAGUGGUU	STREME-7	3.0e-001	Sample42	13.42	tp	0
7-GGUCUAGUGGUU	STREME-7	3.0e-001	Sample145	13.42	tp	0
7-GGUCUAGUGGUU	STREME-7	3.0e-001	Sample435	13.42	tp	0
7-GGUCUAGUGGUU	STREME-7	3.0e-001	Sample131	13.42	tp	0
7-GGUCUAGUGGUU	STREME-7	3.0e-001	Sample436	13.42	tp	0
7-GGUCUAGUGGUU	STREME-7	3.0e-001	Sample395	13.42	tp	1
7-GGUCUAGUGGUU	STREME-7	3.0e-001	Sample218	13.42	tp	1
7-GGUCUAGUGGUU	STREME-7	3.0e-001	Sample241	13.42	tp	1
7-GGUCUAGUGGUU	STREME-7	3.0e-001	Sample245	12.23	tp	0
